epoch;acc;loss;val_acc;val_loss
0;0.102451206099;13.53178746;0.0;15.1929294504
1;0.0;15.1847833342;0.0;15.1929294504
